--
-- PostgreSQL database dump
--

-- Dumped from database version 14.7 (Homebrew)
-- Dumped by pg_dump version 14.7 (Homebrew)

SET statement_timeout = 0;
SET lock_timeout = 0;
SET idle_in_transaction_session_timeout = 0;
SET client_encoding = 'UTF8';
SET standard_conforming_strings = on;
SELECT pg_catalog.set_config('search_path', '', false);
SET check_function_bodies = false;
SET xmloption = content;
SET client_min_messages = warning;
SET row_security = off;

ALTER TABLE ONLY public.user_to_role DROP CONSTRAINT user_to_role_user_id_fkey;
ALTER TABLE ONLY public.user_to_role DROP CONSTRAINT user_to_role_role_id_fkey;
ALTER TABLE ONLY public.post DROP CONSTRAINT post_author_id_fkey;
ALTER TABLE ONLY public.permission_to_role DROP CONSTRAINT permission_to_role_role_id_fkey;
ALTER TABLE ONLY public.permission_to_role DROP CONSTRAINT permission_to_role_permission_id_fkey;
DROP INDEX public.ix_user_email;
DROP INDEX public.ix_role_name;
DROP INDEX public.ix_post_name;
ALTER TABLE ONLY public.user_to_role DROP CONSTRAINT user_to_role_user_id_role_id_key;
ALTER TABLE ONLY public."user" DROP CONSTRAINT user_pkey;
ALTER TABLE ONLY public.role DROP CONSTRAINT role_pkey;
ALTER TABLE ONLY public.post DROP CONSTRAINT post_pkey;
ALTER TABLE ONLY public.permission_to_role DROP CONSTRAINT permission_to_role_role_id_permission_id_key;
ALTER TABLE ONLY public.permission DROP CONSTRAINT permission_pkey;
ALTER TABLE ONLY public.alembic_version DROP CONSTRAINT alembic_version_pkc;
DROP TABLE public.user_to_role;
DROP TABLE public."user";
DROP TABLE public.role;
DROP TABLE public.post;
DROP TABLE public.permission_to_role;
DROP TABLE public.permission;
DROP TABLE public.alembic_version;
DROP TYPE public.permission_code;
--
-- Name: permission_code; Type: TYPE; Schema: public; Owner: postgres
--

CREATE TYPE public.permission_code AS ENUM (
    'CREATE',
    'READ',
    'UPDATE',
    'DELETE'
);


ALTER TYPE public.permission_code OWNER TO postgres;

SET default_tablespace = '';

SET default_table_access_method = heap;

--
-- Name: alembic_version; Type: TABLE; Schema: public; Owner: postgres
--

CREATE TABLE public.alembic_version (
    version_num character varying(32) NOT NULL
);


ALTER TABLE public.alembic_version OWNER TO postgres;

--
-- Name: permission; Type: TABLE; Schema: public; Owner: postgres
--

CREATE TABLE public.permission (
    code public.permission_code NOT NULL,
    resource character varying(50) NOT NULL,
    id uuid NOT NULL
);


ALTER TABLE public.permission OWNER TO postgres;

--
-- Name: permission_to_role; Type: TABLE; Schema: public; Owner: postgres
--

CREATE TABLE public.permission_to_role (
    role_id uuid,
    permission_id uuid
);


ALTER TABLE public.permission_to_role OWNER TO postgres;

--
-- Name: post; Type: TABLE; Schema: public; Owner: postgres
--

CREATE TABLE public.post (
    name character varying(150) NOT NULL,
    text text NOT NULL,
    author_id uuid NOT NULL,
    created_at timestamp without time zone DEFAULT now() NOT NULL,
    id uuid NOT NULL
);


ALTER TABLE public.post OWNER TO postgres;

--
-- Name: role; Type: TABLE; Schema: public; Owner: postgres
--

CREATE TABLE public.role (
    name character varying(50) NOT NULL,
    id uuid NOT NULL
);


ALTER TABLE public.role OWNER TO postgres;

--
-- Name: user; Type: TABLE; Schema: public; Owner: postgres
--

CREATE TABLE public."user" (
    firstname character varying(50) NOT NULL,
    lastname character varying(50) NOT NULL,
    email character varying(300) NOT NULL,
    hashed_password character varying(300) NOT NULL,
    id uuid NOT NULL
);


ALTER TABLE public."user" OWNER TO postgres;

--
-- Name: user_to_role; Type: TABLE; Schema: public; Owner: postgres
--

CREATE TABLE public.user_to_role (
    user_id uuid,
    role_id uuid
);


ALTER TABLE public.user_to_role OWNER TO postgres;

--
-- Data for Name: alembic_version; Type: TABLE DATA; Schema: public; Owner: postgres
--

COPY public.alembic_version (version_num) FROM stdin;
5169e2e3b38f
\.


--
-- Data for Name: permission; Type: TABLE DATA; Schema: public; Owner: postgres
--

COPY public.permission (code, resource, id) FROM stdin;
CREATE	post	ab49a6e3-a35c-4cc3-8f5e-ac2287be20f4
READ	post	1efd98ab-9c59-4c91-abcd-0927d086ea1a
UPDATE	post	792d6182-cee9-496a-bffe-9f3d4a494097
DELETE	post	85b879be-9556-409b-a0a3-5e56d9bc3fa3
CREATE	user	66f82190-da4d-4ef0-a00c-682ad82745a2
READ	user	776d51dc-0dba-4d0c-9a1f-453b07ea41c4
UPDATE	user	ce457feb-4da2-4898-9047-7d2df0568d61
DELETE	user	519ccb76-7dad-4203-af0c-43fc90f85ea0
\.


--
-- Data for Name: permission_to_role; Type: TABLE DATA; Schema: public; Owner: postgres
--

COPY public.permission_to_role (role_id, permission_id) FROM stdin;
11bd4f7e-4f12-4e33-ba64-37bdaab979bc	ab49a6e3-a35c-4cc3-8f5e-ac2287be20f4
11bd4f7e-4f12-4e33-ba64-37bdaab979bc	1efd98ab-9c59-4c91-abcd-0927d086ea1a
11bd4f7e-4f12-4e33-ba64-37bdaab979bc	792d6182-cee9-496a-bffe-9f3d4a494097
11bd4f7e-4f12-4e33-ba64-37bdaab979bc	85b879be-9556-409b-a0a3-5e56d9bc3fa3
11bd4f7e-4f12-4e33-ba64-37bdaab979bc	66f82190-da4d-4ef0-a00c-682ad82745a2
11bd4f7e-4f12-4e33-ba64-37bdaab979bc	776d51dc-0dba-4d0c-9a1f-453b07ea41c4
11bd4f7e-4f12-4e33-ba64-37bdaab979bc	ce457feb-4da2-4898-9047-7d2df0568d61
11bd4f7e-4f12-4e33-ba64-37bdaab979bc	519ccb76-7dad-4203-af0c-43fc90f85ea0
f1f8f84c-5d85-4fc0-a5c0-595be204df94	ab49a6e3-a35c-4cc3-8f5e-ac2287be20f4
f1f8f84c-5d85-4fc0-a5c0-595be204df94	1efd98ab-9c59-4c91-abcd-0927d086ea1a
a19c12dc-8cb4-4086-9838-171b51fafff3	ab49a6e3-a35c-4cc3-8f5e-ac2287be20f4
a19c12dc-8cb4-4086-9838-171b51fafff3	1efd98ab-9c59-4c91-abcd-0927d086ea1a
a19c12dc-8cb4-4086-9838-171b51fafff3	792d6182-cee9-496a-bffe-9f3d4a494097
a19c12dc-8cb4-4086-9838-171b51fafff3	66f82190-da4d-4ef0-a00c-682ad82745a2
a19c12dc-8cb4-4086-9838-171b51fafff3	776d51dc-0dba-4d0c-9a1f-453b07ea41c4
a19c12dc-8cb4-4086-9838-171b51fafff3	ce457feb-4da2-4898-9047-7d2df0568d61
587eba73-b75c-40fa-8200-a610f9044000	1efd98ab-9c59-4c91-abcd-0927d086ea1a
\.


--
-- Data for Name: post; Type: TABLE DATA; Schema: public; Owner: postgres
--

COPY public.post (name, text, author_id, created_at, id) FROM stdin;
Anything imagine guess trial exactly market	Southern staff point yeah common opportunity civil task share mission bring religious everybody child. Ball down garden likely another event receive ask school list performance resource. Effect tend type heart under why activity be view system determine affect. With heavy himself say here. Service law down. Term threat thing government short stuff source risk challenge wrong machine cut official between mind left. Nation mouth remain almost only again risk must heavy professor current knowledge charge against across station. Guy five certain test among religious son manager compare threat picture memory safe president. Under think whatever walk leave light fill number poor receive. Decide how guess toward ball. 	7206ff45-e813-4f4e-a691-374094af6e41	2024-01-07 20:19:32.754184	f7928c5f-b0d5-4fb2-ae0b-83c73ff453ef
Trip voice interesting least per	Total out break expert different one inside together worker. Reveal north able born leader pull cover. Beyond thought could camera difficult modern most man my because. Add old front at kid fear would method rest discover drive effort career father. Attention report certainly prove add gun yes whom. 	7206ff45-e813-4f4e-a691-374094af6e41	2024-01-07 20:19:32.757948	430ecc24-4e7c-4daf-9cb6-5abd3d2988e5
Base support young board	Oil clearly door present fear job follow try concern election page boy account. Owner something appear film physical oil test. Religious age result term tree miss social still plant but home industry black yeah you area political race cause conference method capital particularly situation. Specific yeah difficult hard human enter work activity approach cost nice always make all good treatment. Together white for whether live development less market policy. 	7206ff45-e813-4f4e-a691-374094af6e41	2024-01-07 20:19:32.759952	0ed1baf3-468e-441a-83ef-d8c1c094af80
Remember compare	Computer stuff sort then occur campaign affect upon discover cover the bed. Read yet American increase culture around knowledge particularly fund sometimes approach civil. New program operation so today author mission participant professional seem picture meet base town whom accept Republican another sport. Teach consumer himself happy question remember success size today owner they edge. Year build eight season skin sometimes blue born we answer. Kid dinner growth you allow fund law issue. Sea environment firm central since fast property foot light statement various again half able. 	7206ff45-e813-4f4e-a691-374094af6e41	2024-01-07 20:19:32.761642	c98119e1-4077-437d-a997-40f706102b34
Fall consider	Amount black use compare understand dream. Heart important price message pressure level shake. Traditional nothing hard rather cut yeah future than red give win. Challenge prepare discuss run plan reveal number change sit high learn. Program night message executive one national develop turn. 	7206ff45-e813-4f4e-a691-374094af6e41	2024-01-07 20:19:32.763266	4f9b742e-5d6b-4453-9cae-c8d07371f092
War	Risk training sound let population behind beyond focus throughout late other six meet already meet career. Loss professional Mr off yard sing check. Enough side create beat sign environment ground kind realize its even live medical involve move Mr. Left glass time sell. Take bar south certainly bring day. Nation dog call me traditional. Increase most statement help team hit movement central line report hotel add beyond. Clear east approach physical husband south agreement white focus she doctor their sell. Major pressure structure management call process. Response nor benefit hear drop on agency so entire two free front range whether identify old history. 	7206ff45-e813-4f4e-a691-374094af6e41	2024-01-07 20:19:32.764709	4e026f60-30c9-42b3-98eb-460af253c791
Source direction law	Kid safe sit no must care few phone build who certainly out face visit run pattern. In mean become from. Mention answer season little region pick prove truth just value situation your voice put image effort teacher where picture. Doctor about several TV ground another. Involve scientist movie west center summer side himself participant interesting no beat understand. Than believe Congress yeah. Coach across use technology themselves debate also nature star fear present network article itself structure court husband sister front director. Mean through exist keep share kid detail stock true white big. Necessary east spend we actually direction put money month hit because mission. Call here history always believe dream test administration rock free difference expert. 	7bcebfa7-3ae5-4ba0-bbbf-18aaef4ad064	2024-01-07 20:19:32.76666	73fada2d-45ee-4812-9c8f-7b1897baed6a
Production	Itself notice budget friend whole company PM moment white stand that much off factor shake accept however than class entire. Smile I simply by open they watch east appear sea season against speech finally smile weight interest issue just trip watch success nice point system. Character nothing cold interesting government least gun to lose see lead hospital president each letter result word claim where practice. One book we recent investment money upon wide baby identify song top seven. Season way again stuff nature all that check spend. 	7bcebfa7-3ae5-4ba0-bbbf-18aaef4ad064	2024-01-07 20:19:32.76832	a986c9c5-c793-4534-86ba-19239d471f0c
Real job	Dream rule mission. Foreign each six before result fact. While local Mrs after situation part too. Step or boy professor situation fish career something benefit safe second determine explain. Something store appear stock rest senior say capital home operation. 	7bcebfa7-3ae5-4ba0-bbbf-18aaef4ad064	2024-01-07 20:19:32.76997	d211f6ba-f8a3-4832-ac97-8ccea003d26c
Field assume	Else station like white in pay indicate paper final late soon wall around perhaps hold vote evidence wall election tonight town reach. Suffer senior yeah would few employee financial boy bill investment general moment sign. Range beautiful factor economy find available else amount shoulder manager just each. Total movement although far yes teach just relationship soldier board a forward upon film score model just shoulder address here scientist job. High after box know evidence particular professional it argue morning business from growth build big. Important marriage according security else physical her mission movie should offer section measure. 	7bcebfa7-3ae5-4ba0-bbbf-18aaef4ad064	2024-01-07 20:19:32.771814	58c1c871-c953-41a4-895a-7b1958f1cc9d
Quite	Common collection scientist wish growth. Fear nor plan lead among feeling wonder just station way forward director pass network popular bill conference between must because seek war necessary great painting structure heart. For cell cell resource rock art occur. Group perhaps amount mother worker happen way last third mean film soon to notice that suggest notice decide. Do section daughter final offer especially staff thought traditional test southern action act fill employee agreement. Democrat policy nearly short entire president. Yeah door either support anyone part. Camera language a believe apply may before face which assume either skill benefit. Cover second subject although list three interest discover sense pretty another player increase provide home these. Simple serve record practice identify most that far miss itself benefit over these lose. 	7bcebfa7-3ae5-4ba0-bbbf-18aaef4ad064	2024-01-07 20:19:32.773334	9980e71a-6dca-4b61-9707-c48516e869a6
North	Kind news along note career knowledge receive society family PM. Morning provide themselves prove fly center agreement even expert left expect decision particular discuss require nature early serious week. Fall cost hotel mission red month choice last trial fire treat well yes from couple everyone education. Budget common professor. Involve keep discuss near enjoy. Score send local health visit run will alone need record certainly blue thought tell significant issue teach son. 	7bcebfa7-3ae5-4ba0-bbbf-18aaef4ad064	2024-01-07 20:19:32.77481	a64b11e6-a1c2-4d3f-84a1-76b819a56e12
Whole	While project any still hotel wind key health usually defense recent south respond. Civil them money traditional bill artist action card billion risk although fear. Show brother southern may employee community tough similar rich occur wind account. Stop control hospital machine book agency. Assume continue early occur. Book hot star camera now card property war drug very. 	a1edfba3-bb57-49c3-92ad-43117d265ebe	2024-01-07 20:19:32.775942	6504bfc1-4f2d-4241-a761-dae0b63d5d9b
Work	Since though arrive effect show even board expect itself smile significant fish. Deep bank quality sense big establish big arrive role organization recently their government blue peace tax wind suddenly activity. Candidate score man onto happen teach really both wind. Space like stay book particularly deep spring relate exactly improve up fish difficult democratic leave rate. Seven someone up sign citizen parent off run trouble road beyond so. Professor special music baby tax away consider special avoid page identify add country land young study simple important. Program lay indeed face teacher. Fire realize third television stage. Relationship too today sell provide professional time student image return security situation save until note single inside later wall administration. 	a1edfba3-bb57-49c3-92ad-43117d265ebe	2024-01-07 20:19:32.777575	3d4b7388-c63a-4bf1-b6d1-ec2f42b45272
Mrs	Language pass although party nearly remain job partner. Performance network game open ago late increase know building possible. Do lead space rest sport bring left also matter vote standard station activity may official. Central without study Republican court write country bed science maybe. Run better thus fine mother allow. 	a1edfba3-bb57-49c3-92ad-43117d265ebe	2024-01-07 20:19:32.778765	c5017fb5-c7d6-4a9b-9529-46158ed37630
Everybody	Service small just once either adult simply. Coach great industry certainly clear central since attention recognize while to national to involve hope happen where member democratic newspaper another. Future its letter but claim true Republican him three town mind professor pull my. Price once blood billion walk road throw cup appear shoulder choose husband. Billion poor never actually two purpose officer top be. Right very PM pass them forward. You music dinner picture mind. 	a1edfba3-bb57-49c3-92ad-43117d265ebe	2024-01-07 20:19:32.779914	993d852d-0e1b-477c-88ce-e3448c574e74
Loss follow	Big alone see answer plant smile since science sound realize member. Management pick great skin agency factor third gas wife be. Reflect board provide network ability should often skin senior risk listen mouth discover effort outside. Half trial sound level probably situation everybody dinner station. Car any court small from hour cultural because with agree at despite concern. Service low day left attorney grow girl ever energy difficult camera. Mouth stand next quickly you prevent responsibility six born thank soon mother less instead traditional sell score could. Audience today social senior high sound market include next. Instead skill yourself each arm poor still poor learn south maybe truth story. 	a1edfba3-bb57-49c3-92ad-43117d265ebe	2024-01-07 20:19:32.781025	f4b91bd3-b86f-4857-b204-7d0a47cba04c
Daughter it	Bad easy amount if sense price national training thought tough unit memory nearly back attention central how next start recent part too. Travel eye nothing analysis land where long mother hold central wear foot explain foot close audience billion play attorney decade. Role local stage reduce listen put. Guy travel general summer father industry lead particular he major raise talk last beyond view response economic spend more middle computer. Total water evening avoid mention each lose shake everything thought analysis late trip which ball your picture ago fast realize customer success. Various also Congress Republican feeling new last however worker industry drop Democrat president special. Because plan would imagine author ago already system author despite federal traditional travel news follow month brother. Scientist everyone talk suggest in take series family. Health media each effort professional practice black prevent kid local land crime analysis section. 	cbf10f2f-cd3c-4578-ad4c-b10778ea53dd	2024-01-07 20:19:32.782199	4411af50-7946-4b71-b9d5-120e65186d25
House point customer again	Thousand talk rather range fall crime early name. Between yard early seven hospital suddenly can. Society represent them life claim society deep east those late exactly suffer which. Poor daughter tax old apply campaign assume weight police simple time structure nice look compare worker consumer. Loss write whether participant sound thing else message bed. Mother to interest green individual it pull simply. Board good church right instead learn themselves. Cold wind imagine catch mention never role apply attack season easy interesting office hair collection land natural level development join skin amount go travel. 	cbf10f2f-cd3c-4578-ad4c-b10778ea53dd	2024-01-07 20:19:32.783365	ba61a8ba-1028-445f-83a3-cefe122c884d
Should	Again material all magazine yard court doctor however name. Approach newspaper imagine establish fund son today only family pay him play interest American certain discussion material certain. Father deal which population culture direction politics. Season particular very dinner enter behind like film a these. Federal road year past tree million play onto interesting ago world in cut point could sea. Especially statement newspaper whole anything exactly attention girl. Require blood machine stage treat onto who thought line structure capital imagine same research box someone anything. Within letter work investment you. Economy unit will third particular compare prove whether arm spend imagine eat structure face but as able edge about that spend under. Term war own wife evidence least TV wall actually around both forward team mission store evidence how recognize later. 	cbf10f2f-cd3c-4578-ad4c-b10778ea53dd	2024-01-07 20:19:32.784598	f7ef8dba-173e-44eb-a38d-f39f8668fa3b
Staff buy hand outside whom	Almost quality section recognize knowledge if free. Threat generation course blood local human heart start part official new camera middle market message star government. Personal industry identify soldier guy bit majority stage option energy other month nation while. During lead need free agreement impact billion fine wind consider cold official gas class energy leader. Back see word. Answer let sense out music range product many degree common those nice open speak nature skill even remain. 	cbf10f2f-cd3c-4578-ad4c-b10778ea53dd	2024-01-07 20:19:32.786044	32132bea-9e02-4cdc-9269-3da2cd82837a
Continue	Year goal audience particular be pull. So couple center run challenge loss. Senior along ten treat really Republican guy executive rate night age boy green. Serve activity add everything camera never food or parent news meet much begin. Tend animal evening onto above PM. Price rate whatever alone control ground owner cup thus sport wind or modern land necessary agent shoulder. For soon music positive alone series. Mission finish likely notice worker pay local relationship too south senior any make quite check. Key set draw personal ten peace. 	cbf10f2f-cd3c-4578-ad4c-b10778ea53dd	2024-01-07 20:19:32.787833	4f4a5e06-f8a7-4476-bb03-280b951af761
Season	Medical recognize a effort ground while she same movement behind. Morning medical second science system group girl bad open defense yet pick somebody gun military cause task especially. Body significant side simply now treatment heart minute easy together computer suddenly relationship that both son beat force enter understand standard. Television heart produce participant from group loss. Night production best billion approach poor general already true appear through model office. 	cbf10f2f-cd3c-4578-ad4c-b10778ea53dd	2024-01-07 20:19:32.78957	54dced59-bf86-4645-8080-9099fe3b8ab0
Family tax	Most sea entire generation worker single more past. Serve home cup region suggest myself there right indeed over. Majority throughout street green federal town through leave line yet TV down capital finish pass year worker station dog. My imagine respond method war our check think age weight look pretty film. Head case major technology foot partner baby science entire choice thousand shoulder stand important describe break. Modern window discussion far fine. Want require time identify real share to long compare term. 	cbf10f2f-cd3c-4578-ad4c-b10778ea53dd	2024-01-07 20:19:32.790826	40143cd6-c24e-43e3-a1d9-b97512aa7ed0
People PM capital live	Response third allow message also instead indeed when eat. Role civil its century pattern security close reason street former focus financial pressure not. Protect serious information option tax meet purpose offer. Face action simply world usually affect commercial young actually issue boy white. Begin know hard trip challenge put Mrs suddenly food girl responsibility. General fine series behind firm blue travel happy court. Picture hot both later technology production security ten everybody expert crime dog build soldier fire idea. 	cbf10f2f-cd3c-4578-ad4c-b10778ea53dd	2024-01-07 20:19:32.792087	0d0e6e13-9a72-4209-88b3-0671fa6b1bf8
Check	Character provide growth matter. Edge machine easy some style suddenly hundred plant act. Throughout certainly short whose state best indeed Congress kitchen set father. Draw show happen pattern strong specific third with rise every. Defense whatever beautiful table air. Adult remain among service house member nature building nothing adult cause red usually of. 	cbf10f2f-cd3c-4578-ad4c-b10778ea53dd	2024-01-07 20:19:32.793343	5dd740df-6532-49be-a313-18112d019cb8
Bed board law	Coach price risk wear perform myself teach later camera hold. Economy charge popular voice fall possible. Size eight mind ahead my out effect down step. Range city race citizen personal cause analysis strategy throw successful off design picture shake test. Hair eat better be field member money between usually chair day buy nation man show player sport raise between town. Reason price region election until concern better war person general recognize daughter lawyer various. Letter assume which hotel area season million teach explain successful list general they book. Agreement push factor strategy. 	e7a18feb-9fe8-480e-ad4f-6cfe2885e783	2024-01-07 20:19:32.794751	c805d4a3-6299-463d-8d1e-831d846f00f2
Offer ago	Manager call five yeah nation around tree late concern order. Collection oil miss go we special whom better. Catch guy practice century million teacher write compare yes over security month her less. Window just thus couple hour television. Case product whole you letter health second. Describe idea language second want education teacher apply no culture themselves resource cause water whether end message. 	e7a18feb-9fe8-480e-ad4f-6cfe2885e783	2024-01-07 20:19:32.795968	aade7a29-e412-43f5-b2cd-d6a4d15af005
Some again	Dinner however if recognize also view nation money exactly former. Director effort success inside I poor heart resource first debate hospital oil seat politics. Fast newspaper significant. Find size always mind his concern ten newspaper meeting technology late agreement past put baby another way. Season professional our performance us dinner to south them. Agency learn student rock film author popular night. 	e7a18feb-9fe8-480e-ad4f-6cfe2885e783	2024-01-07 20:19:32.79742	b5daa875-77cf-4f9e-aa80-2ccffc9a105b
Year	Area language worker off step paper pick adult series election fine recently. Here some guess choice. Head mean easy available media boy among tell study kid. Along study herself attention beautiful last give act. Own performance represent student each similar apply within network one my hair go dinner. Us my entire election action weight be before almost entire grow. 	e7a18feb-9fe8-480e-ad4f-6cfe2885e783	2024-01-07 20:19:32.799194	20419bac-7e21-49a6-b168-8af12301123c
Dog	Others assume travel memory so score reason kind especially particular simple do. If always cold indicate. Find compare draw too fast suggest style argue later mission finally than market election by water on dark. Financial success there article whatever happy until film bit nearly boy offer offer yes simple prepare. Enough fund mean really follow start physical record work pull some reflect federal memory reveal face life stay director experience surface art must serious while. While newspaper high ahead information any voice speak send. Develop food tough nothing return hear. 	e7a18feb-9fe8-480e-ad4f-6cfe2885e783	2024-01-07 20:19:32.800782	2aa50d05-0e2e-4d43-b0f2-a531072fa5e4
Author situation sport	Experience single member seem focus only represent side professor born agreement know machine that ten series able place energy upon serve so. Commercial message pattern back information organization level see politics fish generation street nor others. Scene reflect play traditional sign table growth teacher. From child too picture experience eight. Of theory tree light. 	e7a18feb-9fe8-480e-ad4f-6cfe2885e783	2024-01-07 20:19:32.802112	f15af642-bd40-4f9f-b6ed-d4656ca3a100
Free	Could floor suggest account stop least well hot notice usually happen you movie have personal. We art total provide theory lead former week hour arm institution fine energy social. Home beyond training education listen present spring deep any themselves likely. Notice sit hotel long study have. At campaign price. Ok ten drive more usually general mission. South drug hotel later one party every everything west. Road option from ready environment serve condition ahead value game third. Memory response wait evening able war should tend couple true south effort blood central various yeah man goal form. Interview soldier prevent world else goal statement take believe. 	e7a18feb-9fe8-480e-ad4f-6cfe2885e783	2024-01-07 20:19:32.803712	ba3157f6-4a69-45cd-9100-c0c82ea269b4
Suggest	Benefit discuss space cup town article rise speak. Real your eat learn financial PM baby character remain shake brother staff. Great that director on must visit risk computer life. Receive crime describe choice peace early fast box phone property since computer win member can explain long wear radio themselves bank industry. Paper product parent sound recognize establish she whatever his food law which road company unit green. Throughout near head rest late care she receive maybe trade always language official away specific. Consumer suffer apply even hope Mrs better my prove great former start south population and door. 	e7a18feb-9fe8-480e-ad4f-6cfe2885e783	2024-01-07 20:19:32.806043	061d9526-2637-4f1d-afaa-e4a4cfe8eaad
Call establish inside section with	How return bad seven. Short affect above last support single. Though go pretty deal difficult modern rate himself. Son western risk direction candidate over sort perform too. Return either attack recent dinner up. Three clearly community record level summer lot off result along we consumer hard city street media record necessary physical top my role reach particularly. Involve for decide city effect. Smile own arrive threat enjoy herself shake vote pressure through. Year finally modern upon chair drive provide ok pick field example third manager son receive. Red plant set actually relationship nothing computer eye improve sister always police center interview information front night. 	15b63419-a404-4d8d-be64-2f3399f6a950	2024-01-07 20:19:32.808115	13d824e2-eeca-4e5c-83b7-2e85c8528bee
Magazine	Hold Republican report. Person job yet national into policy green. Feel evidence throughout structure themselves hot statement reduce pay policy. Bed turn week strategy write theory parent good walk oil game choose life hospital. Democrat gun simple gas card positive for century fall manager red next economic cell discussion sound show environment executive. Risk mention director movie game third expert or. Pm most throw great seven while not stop why artist it and break cell evidence difficult represent south discuss age. Reduce enter anything attention test wonder energy rate think west who. Republican friend drug majority conference everybody religious collection true expect cold cultural simple good. 	15b63419-a404-4d8d-be64-2f3399f6a950	2024-01-07 20:19:32.809737	2d7400c2-bc47-4991-a234-3b31a2977cfa
Among true book staff	Far together across international despite suddenly bring focus after brother medical stay spring realize car yet dog spring. Later magazine one black responsibility quickly politics can learn black great. Now southern treatment hair success but company computer enjoy majority herself address unit start catch. Popular firm man hit perform middle fine fish movie meeting often then day. Now age approach arm result sell catch while lot general air off final among. Morning that several together I answer sport citizen perform hear want set recently allow officer moment so pay never decade member receive. Pattern stage pretty security property recent race natural relate sign matter ask part adult including way history create wish realize foreign too hit. Travel capital note middle its rule charge speak really old deal line care fish spring magazine writer newspaper source yes born nation. Space heart though area who spring agency. According show view student society money movie four address finish economy whatever grow writer focus power owner measure possible remain lawyer social it some tough. 	15b63419-a404-4d8d-be64-2f3399f6a950	2024-01-07 20:19:32.811101	e4a8d0bc-4b8b-46cf-87f1-9277c5f25e54
Key goal level issue technology	Pretty tough way scientist here activity involve suffer keep politics phone administration yourself arm contain when pay policy. Unit ever worry adult like off tax good often. Everybody police citizen page near work sound. Ask attack can claim building Congress describe loss ok research. Itself I low language hospital single. Million subject we major sport outside north even total able apply decade thank table camera late opportunity. 	15b63419-a404-4d8d-be64-2f3399f6a950	2024-01-07 20:19:32.812654	579bfef0-9634-4145-b794-abd79701341e
History	Treatment reality improve white director PM break free kind another throw the southern again nor full better enough. Five home left agency street they thought young huge. Business change task control management force audience father by fact difference himself new industry result us. Keep bill other our this movement prepare method between five develop soldier off change. Figure girl despite fear almost not ever avoid which technology despite several body serious whatever whose huge no. Between Mr common final sister more ground trade Congress ball blue many country husband return radio go continue already quite year. International every case reveal manage upon discussion give meeting ok success set participant white allow item attorney father. 	15b63419-a404-4d8d-be64-2f3399f6a950	2024-01-07 20:19:32.813971	b1c36cf4-8733-416a-a811-7067f438a522
Partner	World minute business save economy whom throw everybody culture part current letter move four just. Exist send language future. Difficult message speak loss health at each up three summer analysis above high growth material around only mother voice month full glass week family set red style. Time effect push religious police baby stand make maintain down same cold situation matter off whether. Heavy memory create kid traditional buy middle physical economy north seek sport appear teach design strong message. Might official western continue any describe white middle home from us plant west at. Here try never baby shoulder worker realize throughout sit music left land. 	15b63419-a404-4d8d-be64-2f3399f6a950	2024-01-07 20:19:32.815271	4996f600-375e-4a69-8642-e3f68d1d945a
Alone	Parent quickly a long identify without stock ability even be north form college best customer find despite response woman thus face film paper. Sort low room work occur management while war particularly fine join executive together television attention majority morning money produce phone. American number evidence. Meet represent stock seven away sign. Which community case newspaper such son ok food. Above short shake measure environmental catch full open race always current major rest. Sport defense wonder throughout might billion know hope rule century most. Star break take visit hope building concern organization significant miss want case long memory of my positive. Bill participant green meeting condition who. 	15b63419-a404-4d8d-be64-2f3399f6a950	2024-01-07 20:19:32.816532	deb19199-4b66-42ec-ba0c-9f9d68c8f335
Eight something together light share	Nearly long include the trip station nor town yes window more star. Civil management owner discover push certain main show million throw forget teacher. Newspaper power purpose whom detail. Policy after thousand party among social learn you animal sea live century up player feel. Return good mean yeah member citizen child actually reason magazine several themselves one car help police bag run. Rock any position me door modern him including commercial space growth coach be. Talk would stock concern risk thus good majority. 	15b63419-a404-4d8d-be64-2f3399f6a950	2024-01-07 20:19:32.81779	0c0289c2-6d12-427f-8ad0-dc98246ceef9
Than test notice want	Serious between happen reduce example meeting worker entire study author training network than sometimes from edge community. Discussion sure pick doctor indeed energy wide like need change whom deep another pull high difference future. Finish pressure business marriage southern sell nearly. Site president democratic office opportunity crime data husband stock card to trouble your serious try difficult walk lead Democrat interesting. Cost government specific likely charge economy career author myself nature really operation step small service base example the. Stage doctor agency when behind story trip size glass at maintain occur though law possible explain audience. Million professional something sport who husband instead southern outside general land goal rule painting hand executive himself how throughout black popular establish. Professor this her tend alone ground career successful significant catch consumer idea treat idea. Half Democrat film despite drop write they choose record few television. Food really million page admit fish manage. 	10205b83-03c8-4fe2-b85d-c6161eaca8a6	2024-01-07 20:19:32.819456	adf8a91b-f203-45f9-815e-eed0328a276f
Bill agreement	Involve civil adult television kid. Another marriage beyond risk visit edge sometimes world raise rate bit industry successful general church order onto individual yeah once special. Increase write industry surface way me reduce cold side style next begin rise phone require bed their toward tend something do girl either paper sort exactly effort. Model cell officer win political garden statement position book. Against so claim attack ever group think more wife commercial Democrat on way find evidence and central miss system car push its natural. Compare war should whom real easy star that work. Prove doctor once raise Republican relate itself nature civil bad. Recently pretty character increase particularly cultural show force type kind along exist specific election main both possible draw. Piece high network board difference interesting fall research seat game cold bag least magazine back structure himself foot. Talk into report save which study. 	10205b83-03c8-4fe2-b85d-c6161eaca8a6	2024-01-07 20:19:32.821486	d8564a20-d3b9-4bc5-8a70-9bbceeecedaf
Themselves success	Consider ago north worry learn wrong. Energy charge help firm series thought challenge. Future heavy simply simple enjoy current financial edge college discover I plant notice. Central hear kitchen another data gas responsibility guess answer. Money friend happy pretty idea wife join well edge they during others just picture authority great. Major suggest protect Democrat fast show east outside large paper. 	10205b83-03c8-4fe2-b85d-c6161eaca8a6	2024-01-07 20:19:32.823058	f62d1051-42fb-4f1c-96b9-fe2060126b55
Sea bank per those	Even drop health visit quality team hundred fish store talk sure own. Industry notice thousand big place example moment view interest computer support. Describe chair life degree try beyond smile environmental majority pressure operation marriage anyone. General matter once type appear drop thing true report leave guy later ok end police. Relate against forward alone act nearly television. Rest matter much knowledge nice cut. 	10205b83-03c8-4fe2-b85d-c6161eaca8a6	2024-01-07 20:19:32.82432	b433344c-ee6b-4247-8459-f73216b2c7e0
Artist total	Apply smile hair across result media including more send top staff option process significant floor open down artist money. Leg main evidence other. Imagine pretty raise student lot safe. Generation inside quality exist discussion education history money. Support art price however energy clearly story character color issue question. Property police enter edge model feel size man future. Few wife tough so senior trial step father section management child hot edge effort board sense. Theory artist process certain behavior mention participant dinner energy onto anyone purpose party feeling event they long appear again certainly him soldier. Source bed professor region glass fish hotel great plant story yourself financial when fill represent car friend. 	10205b83-03c8-4fe2-b85d-c6161eaca8a6	2024-01-07 20:19:32.825585	7f85d8b1-9bbf-49da-ad8f-7af119a71e33
Small nothing local table	Politics left drive his drive hand choose order as technology end affect. Never far under dark center cost question democratic add produce investment like yet too section cold way. Young around security know social region happen begin member every. Past condition ground need theory all sport. College my great ok alone early boy save be throw meet. Degree sing evidence over us remain to key current everyone response book ever also factor lay police. 	10205b83-03c8-4fe2-b85d-c6161eaca8a6	2024-01-07 20:19:32.826764	ddfc20f0-61e6-4b9c-836b-75092433ea45
Attention	Someone pay its just have responsibility second section right during attorney note role. Director somebody today choice bed finish particular since score time great themselves. Treat finish specific money now trip well few season administration quickly lose. Important detail ball investment word kind him speech Congress stop ago public. Past environmental hard nothing college role include present run up forget after reach foot fall claim rest. By another bad glass industry sense this describe cup. High pay realize add example bank consumer church thousand left analysis be significant wait feel fly theory so serve speech boy health book around. Television can baby own center someone spend system. Tell lead author debate special level find figure major relationship strong pay nothing fall gun hold form whole. 	10205b83-03c8-4fe2-b85d-c6161eaca8a6	2024-01-07 20:19:32.827865	f9836982-1338-43f5-9376-3063cd860cba
Travel	People forward impact. Road share keep result. Congress must than employee chair fine high the soldier would notice. Wall water television result road road long generation shoulder image always town seem term discover degree recent. Chair about local building we cause animal bed whether move computer society. 	10205b83-03c8-4fe2-b85d-c6161eaca8a6	2024-01-07 20:19:32.828983	697a672b-9c95-46c4-bc65-873488d1d365
Avoid finish age	Hope doctor camera smile level because local. Instead street although research. Say whose thought behind week who plant far itself policy around court perform represent support development street door others show treat. Six better mission meet store while strategy interest purpose friend every capital. Discuss bed economic several against condition source visit forget bring safe yourself many. Water question whose couple clearly serious science seem life spring likely down property floor investment event condition seem toward send plan specific four. Support until example give seat we key future Republican. Range bill build room administration into region someone issue raise technology democratic tend eat law here simple skin. 	10205b83-03c8-4fe2-b85d-c6161eaca8a6	2024-01-07 20:19:32.830117	4a43396d-0413-4389-974e-507ab9d2dad3
Traditional commercial guess them	Shoulder down represent respond young really. Yard police four stay reflect prevent. Contain without plant money form behind audience cause wear our street someone although age most training economy month from appear hand pattern because remember. Order hand future determine political argue significant western paper. Without few different nation produce score drive task though offer interview truth possible performance son including remember claim line exactly spring wrong choose. 	8232d143-fa1a-47ca-bf34-e917585b2ceb	2024-01-07 20:19:32.83121	628f758b-fa22-47ac-8aa8-caeef25fbc5f
Six agree	Husband various generation discussion themselves other get image subject letter experience out site recognize similar. Although rule civil senior tend PM inside whatever certainly. Sister speech yeah call policy center effect others building guess environment personal. Send young issue later suggest center once store side institution first should adult must feel. Right play father wide too month goal. Another certain raise future home. Sell clearly share color power none have word family among turn member since weight daughter forget nothing. Role operation subject scene make deal though know several radio these reality practice time trip loss window. Community everyone itself face bit become full red station thing good off lose blood during whatever hospital yet. Prove every analysis much better you another sure get something water mention million court series its center cover opportunity Republican natural. 	8232d143-fa1a-47ca-bf34-e917585b2ceb	2024-01-07 20:19:32.832431	990a4734-c6d6-4299-a38a-111dddb6e4e9
Doctor street clearly	Statement including whatever argue some term trade view book. Large likely full must why at end anyone paper. Future half pretty carry what. Police report account politics. Trial today appear interview clear car. 	8232d143-fa1a-47ca-bf34-e917585b2ceb	2024-01-07 20:19:32.833837	61f239a9-9d49-4ec4-9254-c036f6ba2518
Herself	Determine road benefit will market third land agency late story everything left let hospital feeling individual. Who respond edge similar skin election camera admit fly yet less see. Bad let person common hit program develop turn push director tend plant when international investment significant suffer sit resource traditional after enough hard sometimes. Capital rule treatment end word top child. Child our our outside discuss sure throughout fish new during hope too relate kitchen energy build himself coach. Indeed maybe factor her full low tonight child huge. 	8232d143-fa1a-47ca-bf34-e917585b2ceb	2024-01-07 20:19:32.835286	ca5e8a41-ac5a-4b26-94b5-70d24a090962
Church	Live cost check become black son also detail work agent. Campaign order future read open mission thus under hold decide table economic add husband summer work room church less. World sometimes like reason expect agency ground soldier easy worker almost. Reflect style often school know eight professional friend house street begin friend history natural traditional. Decide standard feeling however must view. 	8232d143-fa1a-47ca-bf34-e917585b2ceb	2024-01-07 20:19:32.837004	3addd30d-9591-42b8-8495-16995a385381
In spring lot two professor nice	Section experience find large majority window too. Grow simply already resource of simple. Medical suffer chair include lot or beautiful seek. Up recently color item song various chair evening provide practice parent enough talk rather foreign. Chance set contain yet color seem long leg safe improve doctor try use tend relate after wide ever lot. Wind food could sell send describe seat town believe action cup yard he nature box as. Sea measure style test break western include station behind we school up toward arrive article model. Hot set next too heavy pattern look improve upon start fast call little drug character offer cup dog create. 	8232d143-fa1a-47ca-bf34-e917585b2ceb	2024-01-07 20:19:32.838325	88ca9109-f8e1-4c2d-a5ba-e4c36db9b6af
Attorney local reflect	With safe yet bad significant modern reality cold choice quickly throw third could agent born product forward. Let they society range baby hold likely concern tax government down ground. In agency ok case special significant break despite site cold painting same evidence market each eat race pattern north purpose pressure social political hotel. Head including decide red relationship respond although relate school paper fall important religious three. Point increase seek key wish teach measure should tonight tell. Serious create build show subject kid back within take. 	4d3e72ee-6704-4673-98d2-406bab5ed9d1	2024-01-07 20:19:32.839528	20196144-8400-44ff-b55f-a0062006f75a
Exactly foot	Dinner agreement once offer unit wrong professor party that. Particular real involve political since recognize part brother money story magazine either concern stage quality name big along. He situation boy his she exactly before fear subject stand place pattern similar who share. Own fast before thousand fine ability stop trouble front go support idea enter almost world word also rise feel. Check account begin owner a quality soon cause production main fight play fast yard quickly service situation. Position commercial second interesting single. Race important style our wind prove whom instead consider several although to fire red event relate history study mouth guy whatever learn represent book cup issue. Say chair community crime. Light five war condition smile into teach organization challenge which own strategy short court fly agreement down or card exactly research young. 	4d3e72ee-6704-4673-98d2-406bab5ed9d1	2024-01-07 20:19:32.840842	48bc4d5a-879b-4916-88c2-61c5dfbb7efe
Loss article	Direction cause hot pass down pick case low message box design car away. Hotel almost item air decide note say argue design know science economy staff commercial trade. Bring whether environment store mention trip then yard Mrs lead. Site third gun mother others paper last rule fine manager these southern. Here check moment doctor project plant matter them man see study little to buy herself among. Commercial edge bring but in report sport society. Offer including measure pay tree spring owner with truth. History beat human yeah over Republican bring early. 	4d3e72ee-6704-4673-98d2-406bab5ed9d1	2024-01-07 20:19:32.842402	7ad81081-77db-45dd-b710-70d0b9ef0ea1
Rule player	Add citizen that yeah her statement mention school eye sometimes big well a reason million question southern population every south leave remain. Important effect oil seem past human consider against other expert upon woman political. Child billion art game include senior scientist never modern. Develop set make these few use standard fly interesting visit third party authority fall entire reflect sea finish three sometimes center huge up environmental knowledge. Now push later speech season explain certainly democratic final garden. Mention really whatever son group author behind such beautiful language book both commercial grow. 	4d3e72ee-6704-4673-98d2-406bab5ed9d1	2024-01-07 20:19:32.843796	55cba1fd-9293-4115-867e-08490591834c
Think cultural direction mention ready most	Successful issue win within teach whose popular about as hard dinner alone too point leader agent activity. Occur where reduce kind response area upon difficult on pass commercial understand street bring modern. Successful also under writer threat method if cup lawyer may ever agree audience finish item performance into hit partner individual child best allow must. Anything media technology this he body table end not reach board region mention. Medical bed nation provide fill movement third into. Stop usually case old practice start responsibility partner up describe source. Letter analysis rest home capital save goal clearly free behind amount week trial professional order notice. Dream fire similar ball enough think believe support leave story myself wait. Stay itself work sound value record not hospital her within moment. Yes fast establish example special land. 	4d3e72ee-6704-4673-98d2-406bab5ed9d1	2024-01-07 20:19:32.844941	b3603f12-fea6-4fb1-a143-f09481fd9f5c
Movement arrive	Manage campaign watch threat fear interest central try process bill next home compare head. Now its time world ready fast scientist operation character sport pressure about. Final blood without develop start four certainly. Your left woman crime well customer hundred collection simple add weight southern. Really yeah beat me pressure structure girl blood western white gas. Accept itself outside director defense however article general public peace. Establish pick protect television challenge among community nation stage leg know include there traditional. Inside never deep about. 	4d3e72ee-6704-4673-98d2-406bab5ed9d1	2024-01-07 20:19:32.846491	6c7a84ef-0445-49c6-92e6-1de722f81dfa
Player	Safe value black heavy event once foreign environmental least. Know degree call trial Mr range. Those wife choice return arm. In right themselves our cultural energy whose painting small computer energy seem seem risk those exist election another democratic value court. Particularly arm inside tax some him yard although opportunity trouble alone she three everybody science line whether tough director leader black floor. Official environmental social enjoy. 	4d3e72ee-6704-4673-98d2-406bab5ed9d1	2024-01-07 20:19:32.847573	8f5f8e40-3340-4f32-bf0b-d6c85da66ebe
Goal	Town middle place former yeah but. Tv break many miss but. On coach maybe now group write. Course out wind else open culture others man yourself least yes professional idea great bill buy range woman television really natural firm. Effect phone style scene the building decide else before plant. Forward arrive foreign some provide few speech truth use explain ready ago series high this successful someone minute wrong best interest front. Minute result pressure that method find assume they old difference bed image name. Least effort serve follow fine seat eye maybe can onto possible cover budget care action listen medical manage chair. 	4d3e72ee-6704-4673-98d2-406bab5ed9d1	2024-01-07 20:19:32.849032	2a62e59c-4aa9-4c84-a527-6067b1b723a0
Soon notice fill resource	Occur ok gun beyond even quickly personal. Leader into argue appear experience amount nothing these entire environment cost approach collection test player material until instead argue cut. Bar both government kitchen less off ability hair happy own able. Image past lay watch job total use. Husband skill government born summer compare her make face serve late few occur edge reason. 	4d3e72ee-6704-4673-98d2-406bab5ed9d1	2024-01-07 20:19:32.851002	f86415d5-8386-4f66-b501-70dab2015517
Bed	Design decide radio owner opportunity early a police account change let finish me admit build effect close radio also. Current everyone machine price where especially sell nothing. Everything never loss much member man against avoid home lot goal help much lead. Also trouble here account beautiful. Control memory fish senior finally Mr popular dinner cell opportunity goal. Study officer option occur stage. South increase relationship capital it test several decade. 	4d3e72ee-6704-4673-98d2-406bab5ed9d1	2024-01-07 20:19:32.852491	376ad550-22a2-435a-a15a-1fc4769b25a7
Program	Discover offer almost travel hot himself perhaps plant develop president successful prove step song start game financial until school. Data science middle available not first contain key service cultural almost stand car point Democrat. Travel game arrive he group newspaper floor what beautiful. Door eat drive. Fish whatever truth skin affect perhaps Mrs hospital paper according dog lead though other laugh study data cover name. Detail need tell story level inside certain today. Full near he level wrong gun speech least summer interest game age career. Agent social Republican hospital certainly together already customer machine fly federal major. 	7b8acf00-ac92-4869-b922-32b754a63949	2024-01-07 20:19:32.854296	078081a5-6f4b-4050-bdb8-24833a2022bd
Live participant city	Answer important set western although represent similar free fear discover at radio attack market community form idea garden let coach third Democrat rich dog strategy. Yourself camera she card successful line his increase part sometimes. Better heavy safe final too teach beyond cold white follow order dog. Stuff student authority market traditional author employee side old trip family six sing minute rate dream assume chance sport watch over. Report partner too police age population six forget conference side picture idea these anything partner claim rise. Each night others management hear president provide response report person field become any hit report newspaper indicate short throughout. Culture not poor country behind prevent table option something and affect plan country specific go. 	7b8acf00-ac92-4869-b922-32b754a63949	2024-01-07 20:19:32.855487	ca5af7b0-a844-4ec7-a673-4bf540b89838
First	Her system identify second attack. Expert sell performance his method in national property course start morning again value theory lot service us stock similar turn study. Necessary make management big long suggest market decade cultural huge board least simple development read thought floor short article. Fact group ready down what will possible central thank short reality by work style front order investment try debate technology material order. For type mother sort entire apply. Entire huge someone law treat often gas later. Ever feel even or yard out. Measure lot make drive seven door throughout. Catch song reveal treatment term much student. 	7b8acf00-ac92-4869-b922-32b754a63949	2024-01-07 20:19:32.856608	8ae632bb-04aa-4c1c-ad06-4a8d9c5d3038
Technology	Us before house create our treatment few similar the outside without face figure young party. Door seek describe nothing cultural small subject. Source ten these long fine quickly some. Often such director summer history lawyer life your view yeah. Travel can land thank each. Condition ready choose each finish require character on now even clear they table bank bad material least seem. Without strong who sure term wrong measure price town now face important box dream peace. 	7b8acf00-ac92-4869-b922-32b754a63949	2024-01-07 20:19:32.857833	9a7b5988-d2e7-4b43-969f-27edfb04cd75
Just old	Marriage buy better kid also hot to affect nature education save care difference just man. Team baby direction either everybody crime such. Enter beat control family identify onto Congress five it voice or western available instead marriage interest most test quite chair news staff magazine. Per memory get tell school become trade. Start whose everything whom stage practice chance involve kind record here have section week compare group. 	7b8acf00-ac92-4869-b922-32b754a63949	2024-01-07 20:19:32.858997	0f710b38-45e7-4143-a0f1-73cec3a2cf98
Top play food really pay various	Public season agree national shake interesting rather weight husband. Name easy stage cut include road news east wide character soon whether possible statement security discussion agree rest. Rather yard born magazine simple positive how instead near wife maybe thousand feel couple despite. Send himself score body while myself life within along knowledge possible discuss everything. Help for visit report father machine model computer newspaper month. Save star leader real customer may bed development during action stay impact. 	7b8acf00-ac92-4869-b922-32b754a63949	2024-01-07 20:19:32.860107	39ea8bfd-9c22-4cb8-b74c-839eb3e7e4f1
Place	Deep term size government tonight very sell culture local bit arm wide man perform. People building drop summer too set simply wear over technology data beautiful many treat treat listen. Each TV almost lead them watch draw work other mother late such candidate business drop man north just student relate dark. Sort same game summer player fall father across order cup different develop particularly. Notice director effort increase red. 	7b8acf00-ac92-4869-b922-32b754a63949	2024-01-07 20:19:32.861215	b9d7e5a9-f1dd-4714-89b4-c210e0b46d4f
Model job	Production improve forget. Turn letter word speech activity everybody per relate tree. Sister case space much trade never my. Bank police maintain full each over three full very. Positive maybe talk account write each economic research voice live rise drop study baby outside man relationship of society point financial agree national anyone probably cause prepare. Born will above leg group paper admit particular different best loss population consumer natural. Office realize with suddenly hand hand themselves herself model decade economic minute full prove specific. 	7b8acf00-ac92-4869-b922-32b754a63949	2024-01-07 20:19:32.862298	07d3448e-c77d-4b26-b65e-29756458874e
Detail through	Person southern fall capital very four century. Its go teach recent oil. Pm voice buy lawyer your section investment question student own activity left. As financial then body knowledge term certain style prove region husband deal discover blue effort later accept country ground. Certain budget draw hot health tonight material here compare according be seat practice performance Democrat record owner trip. Process whom away read investment hundred present education dinner value cover themselves over wide sense so ask close mission item five. Save bed couple out. Without agency push health time push coach even can. 	7b8acf00-ac92-4869-b922-32b754a63949	2024-01-07 20:19:32.863429	0aefeb4c-e101-4b79-9afd-b134a20bbfd5
Ago race	Sell science these source institution skin administration bill same agreement occur I. Hair blood hear wonder pull up worry hit could three. Expert others food blue benefit hair win raise might. Reason term rich act parent can green until dream wife movement attack fund boy cup that there. Suffer few range go family hospital ahead friend far ago tonight lawyer teacher protect bad themselves lay best decade. Possible stay part account reality sport traditional action base better attack. Clear quite term available remain yes. 	213d020a-0968-4a8a-83d9-e069742c0e33	2024-01-07 20:19:32.864619	6d55b06d-5553-4291-8692-553dae3af111
All design hand	Glass guy task point play prove so. Life specific late degree contain involve book fly within do. Production arrive talk view should worker film actually worry spring only those. Avoid positive to we price memory condition on wall detail. Democratic pull region vote. Off heavy wear president maintain foot generation factor. Somebody since I discussion. Response whom work call condition week billion manager perhaps enough deal drop economic them military kitchen example. Interview policy spring perform ready total room Mrs reason finish event federal gas which total. Arm require service first those for cup thank deep military number really consider something little and popular experience unit. 	213d020a-0968-4a8a-83d9-e069742c0e33	2024-01-07 20:19:32.865743	9f1c5953-85c4-4040-a3e7-e91aa318946c
Decide central include machine leave	On institution security suggest sit reason catch part wear like item behavior end. Note individual see a air say before seven red participant kid. Break continue keep how a property check my whose. Similar budget little kid memory sign American road material upon indeed method area include off start last television Democrat ok still. Itself despite meet night modern effect economic same score defense third these exactly give land western finally subject international yeah light face early answer leg. Answer successful away nature everything successful ok agreement behavior weight cup argue room. Tax task I remain go evidence list house nature civil respond wonder first happen they politics gas evidence large adult agreement peace. Forget since direction front window democratic crime right outside activity determine station way TV available station particularly none far trip box accept everyone rise at. 	213d020a-0968-4a8a-83d9-e069742c0e33	2024-01-07 20:19:32.86688	24fd3cdc-995f-4826-a202-eaa905248434
Common bit road	Show movie our wrong family nothing her put miss buy standard next catch fish cup suffer. Possible difference eye however born that wide floor record week apply else. Share field start type near much table bed rather. Within factor church player sound commercial until section number great picture source wonder. Relate notice glass notice where believe station outside information decade common benefit picture north step draw establish. Good here small receive wind yes just provide. Maybe player else civil sort also practice offer perhaps performance face affect relate show serve even nation parent level exist air response. Law executive section office card care grow I blood computer recently so. Board over most any something huge partner recently matter involve contain there information production seat word fish yeah. 	213d020a-0968-4a8a-83d9-e069742c0e33	2024-01-07 20:19:32.868546	8b705ae0-8ee0-4c2c-a446-628499b53214
The evidence result particularly	Business thank result none meeting child next toward. Main learn project official really newspaper hotel energy former write. Tend building if. Before car today push nothing go responsibility end. Rock reveal well work report own consumer. Usually message unit life others someone care total ask party. Affect expect act sense. Sport arm no. Young sometimes beyond drive consumer back fall brother director. Concern evening after kid indeed hair store figure charge if. 	213d020a-0968-4a8a-83d9-e069742c0e33	2024-01-07 20:19:32.870069	64272b73-e0d1-42ce-a1e4-52d379d8a8ba
Nearly	Skill well investment key nor. Everything until avoid sort matter fact. Best believe career it memory learn middle require democratic. Note attention style force I. Movie thank particular hot attorney his home close. Gas cold law travel find star view share hope challenge after late baby. 	213d020a-0968-4a8a-83d9-e069742c0e33	2024-01-07 20:19:32.871787	cd5fe892-96bd-486f-b4a5-750ec0cb4f60
Room friend hair	Must exactly current fly quite which. Common available some total leg develop party. Wall doctor dinner pass wonder better into cover contain security under size fill computer per drop century next family center Republican. Everyone program together today tough late who system inside pretty including star line last cause early painting quite maintain price field table. Through realize policy box too yeah. Language wear late adult wind beautiful quality line than record wish for. Clearly fast PM very short high up as poor six get pretty behind which involve himself score. Weight score necessary whom base development task summer. None process low claim truth herself effort forward radio hair door receive. Ability song industry firm wait attention name. 	213d020a-0968-4a8a-83d9-e069742c0e33	2024-01-07 20:19:32.873158	76a8c3bb-8efd-482d-ba25-5f47e1719b9d
Bad laugh decide	Way should southern him economy bed out pull argue dinner sense best. Management now very series talk others compare member him notice enter citizen. Focus treat current wrong feeling run difficult wide national item protect speak similar they story shoulder accept hear education produce itself full management cover medical give many. Toward threat baby move will wear shake. Dog seek certain back should student employee inside visit position leave standard to. Data visit reduce person marriage usually along down so computer receive try charge far religious represent seven wonder kitchen cost cost within factor. Rate few good score area kid account kid chance affect actually. 	213d020a-0968-4a8a-83d9-e069742c0e33	2024-01-07 20:19:32.87441	768c36ce-8c8b-4af6-a821-6047cd6dc748
Send drug fish	Black yes teach generation turn year agency account where wonder me finally north question east computer when although now campaign. No practice success clear Congress teacher not not beyond for. Involve security system list bill learn eye and environmental draw. Something wind challenge live not open bar. Father themselves lawyer morning lead affect government Mr too oil key none in range speak should. Again lead though technology type approach hope race watch. Shoulder receive price civil perform common. Next certain thousand PM these person serious yard group that east employee. 	de476be3-b094-4980-bd91-80f84bd20044	2024-01-07 20:19:32.875671	d807c4db-95d3-49db-aa63-bf93b0ec86dd
Player executive	Enough Republican rest nor you this government those set enter mean certainly middle thus international born. Professor citizen plan what onto fill religious team free whether exist professor. Campaign before land Mr perhaps garden affect catch leave executive per rich. Indicate per president leader agreement. Role current summer evening organization build crime data. Matter not end wrong week traditional guess firm general. 	de476be3-b094-4980-bd91-80f84bd20044	2024-01-07 20:19:32.877088	8751a83e-04e8-4648-9472-08386b730422
Can recently avoid beautiful outside national scene	Similar color clear easy book state stop thus its important. Relate four democratic bring child carry firm major person no decision address health tough. Like it each minute ball actually way message point. Write fund price more central sign several green talk section seem down simply instead. To war moment white both stock professional wife guess phone offer front. Market collection job campaign agent. Make discover hundred hold let include huge unit as health unit most modern lot join road time middle technology. Weight become street sort itself third answer control enough. Tend sing five collection age allow. 	de476be3-b094-4980-bd91-80f84bd20044	2024-01-07 20:19:32.878464	e066706a-f54a-4eb3-ac6b-87c31f9303a5
Arrive live cultural vote war	Ever light learn blue view game room save least side senior action. Camera maintain style right well kitchen still. Pretty attack how among avoid discuss peace watch. Degree choose newspaper pattern decision way responsibility structure really offer country dinner identify public. Economic kind will agency throughout less list newspaper science training soon. 	de476be3-b094-4980-bd91-80f84bd20044	2024-01-07 20:19:32.879925	1641420d-4d56-42f8-8166-6301e6ba5a39
Order across coach	Clearly security lay Republican person air either social hard couple worker environment sense about idea eat. Brother pull risk true discussion trial want with idea meet give remember. Senior population relate order skin choice trip issue summer clear reflect change never her factor any its almost matter car wear. Seven hope heavy hear article able local eye crime human view great near voice expect clearly book accept. In director agency job collection clear room send drop. Middle high huge together imagine environment industry. Get young service forward let son believe computer project. Director its require buy so say. 	de476be3-b094-4980-bd91-80f84bd20044	2024-01-07 20:19:32.881299	0c8fc340-6b9b-491f-b337-a46ac0ef1fc9
Many another	Alone lay figure soldier half relationship quickly senior left necessary available management politics task civil study leave society vote. Less certainly article address. Evidence deal read Democrat myself his white fall yes to. Race word five staff situation themselves year above network key full war human than clear doctor how PM model exactly participant free gun sound generation conference. Will range relationship program our place billion pattern free. Itself town listen truth industry street. Almost show reveal finally nice hear piece decide attention stop whether tell Mrs. Much course evidence voice really resource gun. Better economic accept in whom lead owner gun hard nothing amount table quite next item suggest ago top throughout short office. 	de476be3-b094-4980-bd91-80f84bd20044	2024-01-07 20:19:32.882768	33762980-c9cc-41c7-a193-045dc2c1fda3
Own	Throughout establish budget leader later true detail page director relate door work man among month send lay citizen her Republican media run bit. Firm heart couple Congress pass mouth common drug life range test tonight son station identify success. Great each clearly environment compare firm crime protect a forward dream continue I he model knowledge exist control cut purpose professional language site. Agency particularly loss apply grow ever rather reveal tough. Smile shoulder you capital cut table use it it. Statement station care may summer system speech picture resource box as sport. Create those key mouth full American should from available southern account animal open. 	de476be3-b094-4980-bd91-80f84bd20044	2024-01-07 20:19:32.884286	61b6db0c-fb56-4e4b-ab19-d74fd91ec68d
Guess father rock point fall	Wait detail teacher present teacher research medical. Article decade trial window safe article. Eight require evidence smile collection seem TV key media great central. Star west suggest thousand believe source respond certainly popular effort research space push generation run cause into here evening however over. Apply better cup Democrat generation thought simple throw simply end any. Discussion writer owner right discover which know society drug identify ever themselves later. Popular peace chance trip sense increase alone from me. Risk to her can million page respond activity conference. White reveal sense research above be remain base. Appear scientist why hospital phone one technology. 	de476be3-b094-4980-bd91-80f84bd20044	2024-01-07 20:19:32.885868	272dfc9a-bed3-44a6-9492-0b3dc313794f
Exist time represent spend	Run chair someone couple provide. Activity speak she quite direction interview people possible. Unit almost music sign world TV effect. Particular doctor school nearly present. Defense then ground third second black nothing mind practice couple opportunity sign hundred low new out blue federal matter less. When industry page pattern kid trip. Medical week base four big hundred window speak west professional control station car process something listen. Our mean traditional citizen guy cell interview through fact. 	42a505f3-00e5-42fc-b3f9-30f74f51dd0a	2024-01-07 20:19:32.887487	c1fb316f-5ec2-48e9-9e8b-643b107c7458
Discover fine really	Check tough business blood few nature meeting box should almost notice north chair government maybe career reason cause. Wall the message specific happen what movement member that bring woman month again sound rise PM. Citizen available yard front rather series special citizen want kid class per provide just Congress green fish. Finish office girl word general conference truth turn hospital base wear certainly strategy appear open ask stock conference section. Forward argue common discuss candidate for black. Test approach language we responsibility rich full party case effort front rock we shoulder fine finish away get run true. News paper may shoulder Republican major positive pattern. 	42a505f3-00e5-42fc-b3f9-30f74f51dd0a	2024-01-07 20:19:32.889001	55a77039-4b07-4391-8c1a-aefd0bb1f71b
Effect occur product	Child dark treatment miss these better economy adult simply unit pay. Mother lot put picture operation care student answer can. Beautiful miss agent step decide financial hospital determine green reveal choice professor. Project kid ask interest expert others see beat southern from major. Way north similar late thought story story tough partner Democrat bill wish much along quite special nice opportunity purpose. Boy rate political land deep job term though. Huge agent article chair age vote month man describe western picture fight nor leader soldier artist training. Of process friend challenge yes course thing wish floor stuff although become run forward blood growth nice arm enjoy third. 	42a505f3-00e5-42fc-b3f9-30f74f51dd0a	2024-01-07 20:19:32.890226	01512cd6-5dcb-4127-984f-e208452a5862
Have start	Represent financial anything for name run group behind former provide painting identify public news let father impact beat. About later head beautiful foreign available growth no us. Point religious hair inside continue television role voice voice production section ahead turn support feel culture. Recent move expect strategy mention near security I. Approach follow worker. Until summer service reduce mean charge tend southern American smile beyond onto. Arrive for tend onto husband summer available memory watch foot respond morning thing lot star around guess movie hard. Land free series see piece by necessary wait. Trial we security. Apply war enter fine nor. 	42a505f3-00e5-42fc-b3f9-30f74f51dd0a	2024-01-07 20:19:32.891632	18333f39-e89a-4b28-9824-7d98dd443f24
Current church	Their tough school discuss trial make expert reduce organization trouble what beautiful voice memory item year continue special education cultural there some stay. Including reflect camera similar really risk response science. Character every whether usually into someone effect entire rest sure but. Deal especially she move number maintain last research laugh time company American bring crime almost smile soldier education machine entire couple business as. Face professional serve president better system anything. View sign kind unit. Might piece glass fact general base stock move indicate really maybe southern special sister its Congress population let. Choice individual unit character again require grow be discussion human impact suffer every speak matter list minute. Edge still both final kid lose fast mind I lose call he laugh mouth heart analysis west describe together during wife him side power maybe sign deep. 	42a505f3-00e5-42fc-b3f9-30f74f51dd0a	2024-01-07 20:19:32.89306	26f1be6d-12c1-476f-ac6d-0e636c7b8bb6
Degree	None rich friend cell happen seven service himself close fear close price fear since rule marriage herself side. Matter movie class young way Republican purpose situation what American point might. Respond social structure among stock hand. Fill especially model task single wind mouth travel student best claim dark social last usually. Alone charge city scene its these research thank finally our bring. Marriage he investment around answer story investment former spend accept music general nearly product attorney collection dark together. Bed bar there. Suffer teacher election along resource until whose political industry. Sort ground bit real television industry. Discussion take in list almost very responsibility watch. 	42a505f3-00e5-42fc-b3f9-30f74f51dd0a	2024-01-07 20:19:32.8946	cb465a57-36a2-4935-867c-1ab8abfa7917
Voice any industry state	Notice north walk admit choice other old seem decade couple wonder might unit upon positive various. Catch training others response news sometimes benefit individual evidence student. Might say term car already. Themselves drop best thought. Compare pattern different out American easy song prevent white range author executive air. Deal either century turn participant up peace consumer. 	42a505f3-00e5-42fc-b3f9-30f74f51dd0a	2024-01-07 20:19:32.895814	a60a342a-202d-4770-9bdb-4866cf4b5cc2
Surface	Cause follow decade nor admit mission. Often kind resource her summer. Side very beyond probably return. Mr thank exactly light three could table. Fall near after another evening back by picture must today. 	42a505f3-00e5-42fc-b3f9-30f74f51dd0a	2024-01-07 20:19:32.896906	317ec00b-7d6f-4d7b-ac25-37b59e62e0b0
Grow interest matter reach	Boy bed action management action sometimes write all bar include play safe amount effort those hope number. High fly should yard stage although. I road couple example business memory total budget instead of kind. Position physical crime long agent miss even environment role eight rule technology finish public phone return environmental hit purpose car turn. Possible generation push community. Official service ten official different television government happen partner model. View across wish accept value lot test. 	42a505f3-00e5-42fc-b3f9-30f74f51dd0a	2024-01-07 20:19:32.898014	b5d91be9-b385-432e-b32c-01d6ce7a17f4
\.


--
-- Data for Name: role; Type: TABLE DATA; Schema: public; Owner: postgres
--

COPY public.role (name, id) FROM stdin;
user	f1f8f84c-5d85-4fc0-a5c0-595be204df94
admin	11bd4f7e-4f12-4e33-ba64-37bdaab979bc
moderator	a19c12dc-8cb4-4086-9838-171b51fafff3
anonimus	587eba73-b75c-40fa-8200-a610f9044000
\.


--
-- Data for Name: user; Type: TABLE DATA; Schema: public; Owner: postgres
--

COPY public."user" (firstname, lastname, email, hashed_password, id) FROM stdin;
Admin	Admin	aadmin@example.com	$2b$12$79VRINsucokfkcuwMRFiUeSdvM.TSrGAjFgTG5NiUuNmUKSeiqDii	7206ff45-e813-4f4e-a691-374094af6e41
User	User	uuser@example.com	$2b$12$RgnCv2vzwL5P8YdiJVdZN.MEuH2mTUAsAQCqTUcmb7xE.L1yOrR6u	7bcebfa7-3ae5-4ba0-bbbf-18aaef4ad064
Moderator	Moderator	mmoderator@example.com	$2b$12$NmRso8Evuqc4jFnd2r0Gd.sDcLs3IHQZaJECJwQJLmcI5cL.fxkz.	a1edfba3-bb57-49c3-92ad-43117d265ebe
Jean	Jefferson	JJefferson@example.com	$2b$12$dgmWZKKhOgCR6Qcnb4SkTOxbp/RkfGxSX7d7tBRfkjsSwHqmq/yeS	cbf10f2f-cd3c-4578-ad4c-b10778ea53dd
Lori	Cook	LCook@example.com	$2b$12$b/P6rylIK3adTJHfUaCvBOukueOEtPdsIwHv6D6Nz3dnC36cvGB42	e7a18feb-9fe8-480e-ad4f-6cfe2885e783
Mark	Cobb	MCobb@example.com	$2b$12$Qv0cWAA8XCTDi55EfhDipOgYBTQmZgFa.0LYypXOX.4KLtDlv657S	15b63419-a404-4d8d-be64-2f3399f6a950
Brian	Williams	BWilliams@example.com	$2b$12$RzhZN0gG3FLUPqpvr8Mrz.FSvZMxYhlKEY8UJIcuyQ/0U2iiNpCpi	10205b83-03c8-4fe2-b85d-c6161eaca8a6
Courtney	Miller	CMiller@example.com	$2b$12$l66vv2jdgVG6UBvZThhsD.o5UZTaGgzbaB07ErOWnnYb/dJKuE0c6	8232d143-fa1a-47ca-bf34-e917585b2ceb
Shane	Contreras	SContreras@example.com	$2b$12$m5n5Czz6KGHHQ3kMjY7Hs.pZvTljt9VEFu6GEW.bLOUW32zaHXLBq	4d3e72ee-6704-4673-98d2-406bab5ed9d1
Toni	Clark	TClark@example.com	$2b$12$BQL16Eqg1/l9aLwc1Yhyje8Icoqv1T6.eI4HszNf3u8bE/A6Mp4w6	7b8acf00-ac92-4869-b922-32b754a63949
Linda	Pierce	LPierce@example.com	$2b$12$9aUqFFyJdye4nq5M5r1Wp.UduV0xV4aTO9U/UWhtppK7Je.wmBOtW	213d020a-0968-4a8a-83d9-e069742c0e33
Jessica	White	JWhite@example.com	$2b$12$J//S67Dc25Ocyyjt8hrcAOnv3hN7zhLRdWh5a6alUJrwfBIesZzLC	de476be3-b094-4980-bd91-80f84bd20044
James	Kelly	JKelly@example.com	$2b$12$7BshxXUEPQGwuWsetNaz4Od6o0NxrIpKvMFOhTbTmI1zeK2t5niza	42a505f3-00e5-42fc-b3f9-30f74f51dd0a
\.


--
-- Data for Name: user_to_role; Type: TABLE DATA; Schema: public; Owner: postgres
--

COPY public.user_to_role (user_id, role_id) FROM stdin;
7206ff45-e813-4f4e-a691-374094af6e41	f1f8f84c-5d85-4fc0-a5c0-595be204df94
7206ff45-e813-4f4e-a691-374094af6e41	11bd4f7e-4f12-4e33-ba64-37bdaab979bc
7bcebfa7-3ae5-4ba0-bbbf-18aaef4ad064	f1f8f84c-5d85-4fc0-a5c0-595be204df94
a1edfba3-bb57-49c3-92ad-43117d265ebe	f1f8f84c-5d85-4fc0-a5c0-595be204df94
a1edfba3-bb57-49c3-92ad-43117d265ebe	a19c12dc-8cb4-4086-9838-171b51fafff3
cbf10f2f-cd3c-4578-ad4c-b10778ea53dd	f1f8f84c-5d85-4fc0-a5c0-595be204df94
e7a18feb-9fe8-480e-ad4f-6cfe2885e783	f1f8f84c-5d85-4fc0-a5c0-595be204df94
15b63419-a404-4d8d-be64-2f3399f6a950	f1f8f84c-5d85-4fc0-a5c0-595be204df94
10205b83-03c8-4fe2-b85d-c6161eaca8a6	f1f8f84c-5d85-4fc0-a5c0-595be204df94
8232d143-fa1a-47ca-bf34-e917585b2ceb	f1f8f84c-5d85-4fc0-a5c0-595be204df94
4d3e72ee-6704-4673-98d2-406bab5ed9d1	f1f8f84c-5d85-4fc0-a5c0-595be204df94
7b8acf00-ac92-4869-b922-32b754a63949	f1f8f84c-5d85-4fc0-a5c0-595be204df94
213d020a-0968-4a8a-83d9-e069742c0e33	f1f8f84c-5d85-4fc0-a5c0-595be204df94
de476be3-b094-4980-bd91-80f84bd20044	f1f8f84c-5d85-4fc0-a5c0-595be204df94
42a505f3-00e5-42fc-b3f9-30f74f51dd0a	f1f8f84c-5d85-4fc0-a5c0-595be204df94
\.


--
-- Name: alembic_version alembic_version_pkc; Type: CONSTRAINT; Schema: public; Owner: postgres
--

ALTER TABLE ONLY public.alembic_version
    ADD CONSTRAINT alembic_version_pkc PRIMARY KEY (version_num);


--
-- Name: permission permission_pkey; Type: CONSTRAINT; Schema: public; Owner: postgres
--

ALTER TABLE ONLY public.permission
    ADD CONSTRAINT permission_pkey PRIMARY KEY (id);


--
-- Name: permission_to_role permission_to_role_role_id_permission_id_key; Type: CONSTRAINT; Schema: public; Owner: postgres
--

ALTER TABLE ONLY public.permission_to_role
    ADD CONSTRAINT permission_to_role_role_id_permission_id_key UNIQUE (role_id, permission_id);


--
-- Name: post post_pkey; Type: CONSTRAINT; Schema: public; Owner: postgres
--

ALTER TABLE ONLY public.post
    ADD CONSTRAINT post_pkey PRIMARY KEY (id);


--
-- Name: role role_pkey; Type: CONSTRAINT; Schema: public; Owner: postgres
--

ALTER TABLE ONLY public.role
    ADD CONSTRAINT role_pkey PRIMARY KEY (id);


--
-- Name: user user_pkey; Type: CONSTRAINT; Schema: public; Owner: postgres
--

ALTER TABLE ONLY public."user"
    ADD CONSTRAINT user_pkey PRIMARY KEY (id);


--
-- Name: user_to_role user_to_role_user_id_role_id_key; Type: CONSTRAINT; Schema: public; Owner: postgres
--

ALTER TABLE ONLY public.user_to_role
    ADD CONSTRAINT user_to_role_user_id_role_id_key UNIQUE (user_id, role_id);


--
-- Name: ix_post_name; Type: INDEX; Schema: public; Owner: postgres
--

CREATE INDEX ix_post_name ON public.post USING btree (name);


--
-- Name: ix_role_name; Type: INDEX; Schema: public; Owner: postgres
--

CREATE INDEX ix_role_name ON public.role USING btree (name);


--
-- Name: ix_user_email; Type: INDEX; Schema: public; Owner: postgres
--

CREATE UNIQUE INDEX ix_user_email ON public."user" USING btree (email);


--
-- Name: permission_to_role permission_to_role_permission_id_fkey; Type: FK CONSTRAINT; Schema: public; Owner: postgres
--

ALTER TABLE ONLY public.permission_to_role
    ADD CONSTRAINT permission_to_role_permission_id_fkey FOREIGN KEY (permission_id) REFERENCES public.permission(id);


--
-- Name: permission_to_role permission_to_role_role_id_fkey; Type: FK CONSTRAINT; Schema: public; Owner: postgres
--

ALTER TABLE ONLY public.permission_to_role
    ADD CONSTRAINT permission_to_role_role_id_fkey FOREIGN KEY (role_id) REFERENCES public.role(id);


--
-- Name: post post_author_id_fkey; Type: FK CONSTRAINT; Schema: public; Owner: postgres
--

ALTER TABLE ONLY public.post
    ADD CONSTRAINT post_author_id_fkey FOREIGN KEY (author_id) REFERENCES public."user"(id);


--
-- Name: user_to_role user_to_role_role_id_fkey; Type: FK CONSTRAINT; Schema: public; Owner: postgres
--

ALTER TABLE ONLY public.user_to_role
    ADD CONSTRAINT user_to_role_role_id_fkey FOREIGN KEY (role_id) REFERENCES public.role(id);


--
-- Name: user_to_role user_to_role_user_id_fkey; Type: FK CONSTRAINT; Schema: public; Owner: postgres
--

ALTER TABLE ONLY public.user_to_role
    ADD CONSTRAINT user_to_role_user_id_fkey FOREIGN KEY (user_id) REFERENCES public."user"(id);


--
-- PostgreSQL database dump complete
--

